City,Cloudiness,Country,Date,Humidity,Lat,Lng,Max Temp,Wind Speed
berezhany,35,UA,1584526563,37,49.45,24.93,53.6,2.24
hilo,90,US,1584526405,83,19.73,-155.09,73.99,12.75
yar-sale,0,RU,1584526565,85,66.83,70.83,18.82,14.0
abu samrah,99,SY,1584526566,65,35.3,37.18,49.98,27.18
cherskiy,100,RU,1584526567,96,68.75,161.3,-9.42,5.35
jamestown,1,US,1584526569,100,42.1,-79.24,37.4,4.7
mataura,99,NZ,1584526570,87,-46.19,168.86,53.01,1.61
kavieng,100,PG,1584526571,84,-2.57,150.8,80.58,13.53
saldanha,40,ZA,1584526572,77,-33.01,17.94,73.4,2.24
qaanaaq,74,GL,1584526573,51,77.48,-69.36,-18.6,7.0
russell,1,US,1584526574,100,32.35,-85.2,64.0,4.63
hithadhoo,48,MV,1584526575,69,-0.6,73.08,85.26,5.5
hermanus,81,ZA,1584526576,85,-34.42,19.23,75.99,1.01
punta arenas,75,CL,1584526322,66,-53.15,-70.92,55.4,33.33
tuatapere,99,NZ,1584526578,87,-46.13,167.68,53.01,4.03
tuktoyaktuk,75,CA,1584526580,89,69.45,-133.04,2.1,13.71
mar del plata,100,AR,1584526581,93,-38.0,-57.56,63.0,10.38
bluff,67,NZ,1584526582,87,-46.6,168.33,53.01,4.59
torbay,90,CA,1584526583,95,47.67,-52.73,36.0,21.92
eureka,90,US,1584526584,87,40.8,-124.16,44.6,3.36
avarua,100,CK,1584526585,88,-21.21,-159.78,80.6,14.99
ilulissat,99,GL,1584526586,46,69.22,-51.1,8.6,25.28
kapaa,75,US,1584526587,94,22.08,-159.32,75.2,9.17
ushuaia,75,AR,1584526588,93,-54.8,-68.3,48.2,24.16
maniitsoq,100,GL,1584526590,79,65.42,-52.9,19.02,25.81
general roca,0,AR,1584526591,87,-39.03,-67.58,57.2,4.83
cape town,20,ZA,1584526577,60,-33.93,18.42,75.99,17.22
buraydah,0,SA,1584526593,34,26.33,43.98,78.8,9.17
barrow,90,US,1584526594,92,71.29,-156.79,19.4,11.41
upernavik,100,GL,1584526595,55,72.79,-56.15,-3.48,5.91
marsa matruh,40,EG,1584526596,51,31.35,27.25,60.8,14.99
rikitea,9,PF,1584526597,79,-23.12,-134.97,79.86,8.75
buala,98,SB,1584526598,80,-8.14,159.59,81.48,2.44
mogadishu,40,SO,1584526599,62,2.04,45.34,87.8,14.99
shingu,75,JP,1584526600,54,33.73,135.98,59.0,2.24
talcahuano,0,CL,1584526602,100,-36.72,-73.12,53.6,5.82
hailar,59,CN,1584526603,96,49.2,119.7,27.48,14.34
kuusamo,75,FI,1584526396,74,65.97,29.18,33.8,14.99
ballitoville,0,ZA,1584526605,65,-29.54,31.21,80.01,8.05
cidreira,100,BR,1584526606,85,-30.18,-50.21,74.28,23.4
katsuura,40,JP,1584526607,41,35.13,140.3,60.8,8.05
mehamn,75,NO,1584526608,80,71.04,27.85,32.0,17.22
provideniya,100,RU,1584526610,98,64.38,-173.3,25.5,7.87
hamilton,1,US,1584526508,86,39.18,-84.53,39.99,3.36
nuuk,100,GL,1584526612,73,64.18,-51.72,24.8,23.04
matagami,1,CA,1584526613,83,49.75,-77.63,-11.2,2.24
taitung,75,TW,1584526614,73,22.76,121.14,71.6,2.24
grindavik,90,IS,1584526545,92,63.84,-22.43,30.2,27.51
atuona,100,PF,1584526616,77,-9.8,-139.03,82.56,11.23
castro,48,BR,1584526617,99,-24.79,-50.01,64.02,4.83
kieta,0,PG,1584526619,69,-6.22,155.63,84.18,1.81
san patricio,0,MX,1584526620,83,19.22,-104.7,73.38,5.19
iqaluit,90,CA,1584526621,77,63.75,-68.51,6.8,9.17
necochea,56,AR,1584526622,96,-38.55,-58.74,57.0,3.0
yellowknife,5,CA,1584526623,75,62.46,-114.35,-13.0,3.36
guerrero negro,6,MX,1584526624,73,27.98,-114.06,60.22,3.13
nome,90,US,1584526341,94,64.5,-165.41,28.99,16.11
zalesovo,96,RU,1584526626,87,53.99,84.74,29.28,18.37
georgetown,20,MY,1584526627,62,5.41,100.34,89.6,6.93
cabo san lucas,82,MX,1584526517,74,22.89,-109.91,66.99,3.71
dunedin,100,NZ,1584526630,82,-45.87,170.5,55.0,3.0
hofn,90,IS,1584526631,80,64.25,-15.21,33.8,10.29
esperance,0,AU,1584526632,43,-33.87,121.9,69.8,17.22
santa lucia,40,ES,1584526633,48,27.91,-15.54,64.99,14.99
cairns,75,AU,1584526393,88,-16.92,145.77,73.99,12.75
clyde river,75,CA,1584526635,75,70.47,-68.59,-14.8,21.92
nampula,75,MZ,1584526636,58,-15.12,39.27,86.0,9.17
tasiilaq,20,GL,1584526637,60,65.61,-37.64,5.0,3.36
iquitos,75,PE,1584526638,94,-3.75,-73.25,73.4,3.36
sibu,75,MY,1584526639,74,2.3,111.82,86.0,11.41
flinders,1,AU,1584526641,82,-34.58,150.86,70.0,3.36
bawku,19,GH,1584526642,33,11.06,-0.24,94.08,14.16
lavrentiya,100,RU,1584526643,89,65.58,-171.0,22.98,11.63
saint-philippe,40,RE,1584526644,66,-21.36,55.77,87.8,10.29
albany,20,US,1584526473,50,42.6,-73.97,33.8,5.82
mukhen,100,RU,1584526646,87,48.1,136.1,30.72,6.82
okato,0,NZ,1584526647,63,-39.2,173.88,52.0,3.0
butembo,100,CD,1584526648,80,0.15,29.28,71.76,3.49
havre-saint-pierre,90,CA,1584526649,86,50.23,-63.6,28.4,23.04
portland,90,US,1584526651,80,45.52,-122.68,43.0,4.7
ruwi,20,OM,1584526652,69,23.6,58.55,78.8,10.29
monterey,40,US,1584526653,75,36.25,-121.25,44.6,8.05
ahipara,0,NZ,1584526654,70,-35.17,173.17,62.22,12.28
norman wells,75,CA,1584526655,85,65.28,-126.83,14.0,9.17
isangel,90,VU,1584526656,83,-19.55,169.27,77.0,18.79
kodiak,1,US,1584526657,51,57.79,-152.41,37.4,27.51
raudeberg,40,NO,1584526658,70,61.99,5.14,42.8,23.04
husavik,75,IS,1584526659,74,66.04,-17.34,30.2,24.16
bayanday,25,RU,1584526661,69,53.07,105.51,26.4,0.6
sabang,71,ID,1584526662,74,5.89,95.32,83.62,11.01
san francisco,90,US,1584526376,81,37.77,-122.42,48.99,4.7
nizhniy kuranakh,100,RU,1584526664,90,58.84,125.49,23.32,4.32
melilla,90,ES,1584526665,88,35.29,-2.94,62.6,17.22
ribeira grande,75,PT,1584526666,93,38.52,-28.7,62.6,16.11
vanimo,100,PG,1584526667,80,-2.67,141.3,83.62,12.08
krasnoselkup,99,RU,1584526668,79,65.7,82.47,20.1,21.09
nkowakowa,40,ZA,1584526670,68,-23.89,30.29,68.0,10.29
vaini,75,TO,1584526671,83,-21.2,-175.2,77.0,5.82
airai,52,TL,1584526672,80,-8.93,125.41,72.48,4.59
bambous virieux,75,MU,1584526673,62,-20.34,57.76,86.0,17.22
srednekolymsk,6,RU,1584526674,95,67.45,153.68,-11.58,4.72
sur,0,OM,1584526675,35,22.57,59.53,81.48,11.5
cayenne,75,GF,1584526677,94,4.93,-52.33,75.2,1.12
tiksi,0,RU,1584526678,88,71.69,128.87,-30.48,8.55
broome,1,US,1584526679,80,42.25,-75.83,30.2,3.33
catuday,0,PH,1584526680,73,16.29,119.81,81.3,11.48
springdale,90,US,1584526681,100,36.19,-94.13,59.0,4.7
valkeala,75,FI,1584526682,80,60.94,26.8,41.0,10.29
karatau,14,KZ,1584526683,51,43.17,70.47,59.16,6.11
itaituba,86,BR,1584526684,98,-4.28,-55.98,71.92,0.96
evanston,1,US,1584526415,55,42.04,-87.69,39.2,8.05
taoudenni,100,ML,1584526687,13,22.68,-3.98,78.96,9.73
port alfred,0,ZA,1584526688,81,-33.59,26.89,70.0,5.99
akyab,0,MM,1584526689,61,20.15,92.9,81.3,23.44
faanui,100,PF,1584526690,70,-16.48,-151.75,83.46,5.82
mahebourg,75,MU,1584526691,62,-20.41,57.7,86.0,17.22
bathsheba,20,BB,1584526692,78,13.22,-59.52,77.0,13.87
makakilo city,90,US,1584526693,83,21.35,-158.09,75.2,3.36
carnarvon,99,AU,1584526694,61,-24.87,113.63,80.6,20.8
terrace,5,CA,1584526695,69,54.52,-128.6,33.8,13.87
sola,75,VU,1584526696,94,-13.88,167.55,78.8,8.79
batsfjord,75,NO,1584526698,97,70.63,29.72,32.0,19.46
yukon,100,US,1584526699,93,35.51,-97.76,55.99,8.05
kirakira,98,SB,1584526700,83,-10.45,161.92,79.12,2.73
jega,97,NG,1584526701,5,12.22,4.38,90.3,9.55
ryazhsk,91,RU,1584526702,55,53.7,40.11,42.6,14.88
klyuchevskiy,100,RU,1584526703,77,53.53,119.45,31.26,6.4
faya,90,SA,1584526704,93,18.39,42.45,64.4,11.41
finschhafen,31,PG,1584526705,76,-6.6,147.87,82.2,3.71
huarmey,100,PE,1584526707,70,-10.07,-78.15,73.02,1.25
busselton,1,AU,1584526708,33,-33.65,115.33,64.99,18.34
arraial do cabo,0,BR,1584526709,88,-22.97,-42.03,75.2,5.82
alekseyevsk,60,RU,1584526710,84,57.84,108.35,23.32,9.69
walvis bay,15,NA,1584526413,86,-22.96,14.51,68.0,3.0
alta gracia,40,AR,1584526712,100,-31.65,-64.43,60.01,6.93
anzio,0,IT,1584526713,68,41.49,12.62,66.0,5.82
chuy,100,UY,1584526714,73,-33.7,-53.46,69.22,16.17
chimoio,75,MZ,1584526716,60,-19.12,33.48,75.2,5.03
wasilla,90,US,1584526717,92,61.58,-149.44,30.0,2.8
north bend,90,US,1584526504,87,43.41,-124.22,45.0,1.28
terrace bay,87,CA,1584526719,89,48.78,-87.1,13.26,2.08
asau,40,RO,1584526720,37,46.43,26.4,55.4,8.05
amga,100,RU,1584526721,92,60.9,131.96,10.56,5.66
lagoa,20,PT,1584526722,84,39.05,-27.98,62.58,18.61
ratlam,0,IN,1584526723,13,23.32,75.07,95.52,6.55
bahia blanca,4,AR,1584526520,90,-38.72,-62.27,58.98,4.9
saint-francois,2,FR,1584526726,62,46.42,3.91,60.01,3.36
nemuro,20,JP,1584526727,74,43.32,145.57,35.6,4.7
port elizabeth,1,ZA,1584526728,64,-33.92,25.57,73.4,25.28
riyadh,20,SA,1584526729,25,24.69,46.72,86.0,9.17
araguacu,11,BR,1584526730,94,-12.93,-49.83,70.86,1.66
goya,82,AR,1584526731,97,-29.14,-59.26,70.32,3.31
victoria,20,HK,1584526455,78,22.29,114.16,73.0,9.17
aniva,60,RU,1584526733,43,46.71,142.53,35.6,11.18
bredasdorp,70,ZA,1584526734,50,-34.53,20.04,75.2,10.29
puerto ayora,0,EC,1584526736,89,-0.74,-90.35,73.99,1.99
lavumisa,0,SZ,1584526737,53,-27.31,31.89,78.6,9.26
concepcion del uruguay,67,AR,1584526738,99,-32.48,-58.24,66.99,1.99
chifeng,67,CN,1584526739,61,42.27,118.96,35.58,27.96
kokopo,100,PG,1584526740,76,-4.35,152.26,83.46,9.44
zhigansk,0,RU,1584526741,96,66.77,123.37,-22.56,1.72
bethel,1,US,1584526488,74,41.37,-73.41,39.99,2.51
new norfolk,20,AU,1584526743,49,-42.78,147.06,68.0,12.75
santa rita do passa quatro,0,BR,1584526744,100,-21.71,-47.48,64.4,2.24
cambridge,1,CA,1584526508,92,43.36,-80.31,28.99,3.78
uvira,100,CD,1584526747,94,-3.41,29.15,59.7,0.85
caninde,49,BR,1584526748,96,-4.36,-39.31,69.6,0.96
touros,40,BR,1584526749,100,-5.2,-35.46,75.2,3.36
sambava,9,MG,1584526750,52,-14.27,50.17,90.66,4.85
kesova gora,72,RU,1584526751,75,57.58,37.29,39.52,16.73
tekeli,100,KZ,1584526752,96,44.83,78.82,37.2,5.82
phalaborwa,62,ZA,1584526753,50,-23.94,31.14,78.06,6.35
cotonou,40,BJ,1584526755,79,6.37,2.42,86.0,13.87
ambon,40,ID,1584526756,70,-3.7,128.18,84.2,3.36
hasaki,20,JP,1584526757,66,35.73,140.83,57.2,4.7
butaritari,0,KI,1584526758,77,3.07,172.79,83.82,14.43
chumikan,17,RU,1584526759,86,54.72,135.31,24.42,2.33
inirida,43,CO,1584526760,74,3.87,-67.92,72.82,0.69
georgiyevka,60,KZ,1584526761,45,43.04,74.71,64.4,8.95
mariinsk,100,RU,1584526762,80,56.21,87.75,30.36,22.15
samarai,12,PG,1584526763,86,-10.62,150.67,77.16,5.14
araouane,59,ML,1584526768,9,18.9,-3.53,84.18,11.7
dikson,99,RU,1584526769,98,73.51,80.55,-4.38,4.68
andra,94,RU,1584526770,82,62.51,65.89,28.72,11.1
boralday,75,KZ,1584526771,55,43.36,76.86,62.6,6.71
lastoursville,17,GA,1584526772,60,-0.81,12.73,88.86,1.59
thompson,5,CA,1584526773,75,55.74,-97.86,-20.2,4.92
challapata,100,BO,1584526774,85,-18.9,-66.77,45.82,7.07
asyut,0,EG,1584526540,48,27.18,31.18,60.8,11.41
venustiano carranza,5,MX,1584526776,71,19.43,-99.1,57.2,4.7
launceston,100,AU,1584526777,82,-41.45,147.17,61.0,10.29
labuhan,100,ID,1584526779,73,-6.88,112.21,83.82,9.15
dubai,0,AE,1584526500,35,25.26,55.3,91.4,12.75
grenfell,52,AU,1584526781,34,-33.9,148.17,72.12,1.39
sao joao da barra,66,BR,1584526782,100,-21.64,-41.05,73.4,5.57
stykkisholmur,100,IS,1584526783,83,65.08,-22.73,25.32,21.99
nikolskoye,90,RU,1584526784,86,59.7,30.79,41.0,15.66
saint george,90,US,1584526723,70,37.1,-113.58,48.2,6.93
tynda,55,RU,1584526786,86,55.17,124.72,26.4,4.38
westport,1,US,1584526788,74,41.14,-73.36,44.01,7.96
bud,75,US,1584526789,86,39.45,-86.18,42.01,10.29
bacalar,5,MX,1584526790,96,18.67,-88.38,70.32,3.22
waipawa,0,NZ,1584526791,71,-41.41,175.52,57.2,13.87
bengkulu,100,ID,1584526792,93,-3.8,102.27,77.7,3.11
warrnambool,100,AU,1584526793,64,-38.38,142.48,66.0,3.02
adre,100,TD,1584526794,10,13.47,22.2,86.52,20.89
dwarka,0,IN,1584526795,48,22.24,68.97,83.1,11.95
okhotsk,29,RU,1584526797,90,59.38,143.3,4.98,2.04
quzhou,4,CN,1584526798,68,28.96,118.87,68.32,5.82
cartagena,40,CO,1584526766,83,10.4,-75.51,77.0,9.17
kasama,100,ZM,1584526800,97,-10.21,31.18,64.72,4.54
de haan,75,BE,1584526801,54,51.27,3.04,57.0,17.22
morrope,89,PE,1584526802,29,-6.54,-80.01,66.2,4.7
dole,0,FR,1584526803,72,47.08,5.5,61.0,4.7
hanzhong,100,CN,1584526805,21,33.07,107.03,72.48,5.44
puerto escondido,0,MX,1584526806,69,15.85,-97.07,70.32,3.0
naze,75,JP,1584526807,77,28.37,129.48,66.2,6.93
coruripe,81,BR,1584526808,81,-10.13,-36.18,79.12,9.78
george,20,ZA,1584526713,60,-33.96,22.46,75.2,13.87
campbell river,5,CA,1584526636,65,50.02,-125.24,41.0,3.36
ambanja,40,MG,1584526812,63,-13.68,48.45,89.6,4.7
ipixuna,40,BR,1584526813,100,-1.76,-48.8,73.4,3.36
pevek,100,RU,1584526814,95,69.7,170.31,5.7,8.05
sechura,91,PE,1584526815,88,-5.56,-80.82,74.46,0.27
yuzhno-kurilsk,0,RU,1584526816,71,44.03,145.86,34.5,7.63
ponta do sol,40,PT,1584526817,59,32.67,-17.1,62.6,20.8
malanje,75,AO,1584526818,88,-9.54,16.34,73.4,4.7
erzin,75,TR,1584526819,66,36.96,36.2,53.6,16.11
akureyri,75,IS,1584526821,74,65.68,-18.09,30.2,24.16
tianpeng,57,CN,1584526822,24,30.99,103.94,77.0,2.24
lebu,27,CL,1584526823,97,-37.62,-73.65,50.88,5.03
aitape,100,PG,1584526825,79,-3.14,142.35,83.62,10.22
changping,74,CN,1584526826,14,40.22,116.22,68.0,31.32
monduli,56,TZ,1584526827,63,-3.3,36.45,76.62,4.41
paamiut,100,GL,1584526828,74,61.99,-49.67,21.0,16.44
krasnyy yar,100,RU,1584526829,34,46.53,48.35,48.2,15.66
vao,5,NC,1584526830,72,-22.67,167.48,77.7,20.15
aguas vermelhas,34,BR,1584526831,98,-15.75,-41.46,63.48,0.81
ust-ilimsk,100,RU,1584526832,75,58.0,102.66,26.76,17.16
coquimbo,40,CL,1584526834,87,-29.95,-71.34,55.4,3.36
lompoc,1,US,1584526835,93,34.64,-120.46,43.0,8.81
vallenar,0,CL,1584526836,90,-28.57,-70.76,51.78,1.61
pacific grove,40,US,1584526700,75,36.62,-121.92,45.0,8.05
saint-pierre,40,RE,1584526838,66,-21.34,55.48,87.8,10.29
padang,100,ID,1584526839,95,-0.95,100.35,73.72,2.55
ancud,0,CL,1584526840,87,-41.87,-73.82,46.4,9.17
changji,100,CN,1584526841,22,44.02,87.32,68.0,6.71
ostrovnoy,100,RU,1584526842,92,68.05,39.51,28.02,10.09
acarau,2,BR,1584526800,96,-2.89,-40.12,73.56,3.87
pangai,100,TO,1584526844,81,-19.8,-174.35,80.76,11.21
coihaique,11,CL,1584526846,81,-45.58,-72.07,44.6,5.82
madingou,95,CG,1584526847,74,-4.15,13.55,84.0,2.28
hobart,20,AU,1584526769,49,-42.88,147.33,68.0,12.75
luderitz,0,NA,1584526849,50,-26.65,15.16,75.2,3.36
iwaki,20,JP,1584526850,46,37.05,140.88,52.0,11.41
codrington,100,AU,1584526851,69,-38.27,141.97,65.28,4.14
kutum,79,SD,1584526852,12,14.2,24.67,79.5,14.79
fortuna,90,US,1584526853,87,40.6,-124.16,44.6,11.41
souillac,75,MU,1584526854,62,-20.52,57.52,86.0,17.22
gedo,99,ET,1584526856,52,9.02,37.45,72.12,2.39
richards bay,0,ZA,1584526857,65,-28.78,32.04,76.42,20.42
iskandar,17,UZ,1584526858,31,41.55,69.7,73.4,6.93
teya,88,RU,1584526859,85,60.38,92.63,25.32,17.34
am timan,88,TD,1584526860,9,11.03,20.28,98.92,10.76
saskylakh,100,RU,1584526861,84,71.92,114.08,-6.0,15.79
east london,0,ZA,1584526862,73,-33.02,27.91,71.6,11.41
hoi an,40,VN,1584526798,74,15.88,108.33,80.6,5.82
zhob,77,PK,1584526864,28,31.34,69.45,67.42,4.21
coahuayana,0,MX,1584526865,51,18.73,-103.68,70.86,3.24
aswan,0,EG,1584526867,23,24.09,32.91,69.22,14.43
aripuana,100,BR,1584526868,98,-9.17,-60.63,72.3,0.65
wattegama,75,LK,1584526869,63,6.8,81.48,91.4,8.05
santa maria,75,BR,1584526870,94,-29.68,-53.81,69.8,4.7
yulara,0,AU,1584526871,12,-25.24,130.99,100.4,12.75
goderich,43,CA,1584526738,87,43.75,-81.72,28.99,1.99
guiratinga,21,BR,1584526873,94,-16.35,-53.76,69.96,2.82
vaitape,100,PF,1584526875,70,-16.52,-151.75,83.46,5.82
sarakhs,0,IR,1584526876,49,36.54,61.16,69.8,6.93
homer,90,US,1584526877,80,59.64,-151.55,35.6,13.87
kaitangata,100,NZ,1584526878,82,-46.28,169.85,54.0,3.0
kodinsk,100,RU,1584526879,90,58.69,99.18,30.9,16.28
mago,96,RU,1584526880,95,53.25,140.18,23.32,2.39
karpathos,0,GR,1584526881,38,35.51,27.21,60.8,28.86
oxford,75,GB,1584526779,87,51.75,-1.26,55.0,14.99
shiyan,97,CN,1584526883,11,32.65,110.78,76.26,6.82
nacala,75,MZ,1584526884,49,-14.54,40.67,91.4,5.82
kruisfontein,0,ZA,1584526886,60,-34.0,24.73,72.82,20.0
palmer,1,US,1584526887,55,42.16,-72.33,36.0,5.82
anaconda,90,US,1584526888,79,46.13,-112.94,26.6,4.7
beloha,28,MG,1584526889,41,-25.17,45.05,83.28,10.11
aleksandrov gay,15,RU,1584526890,33,50.15,48.57,46.72,3.78
geraldton,100,AU,1584526891,49,-28.77,114.6,71.6,20.8
puerto madryn,0,AR,1584526679,71,-42.77,-65.04,53.58,9.19
taree,0,AU,1584526893,77,-31.9,152.47,66.2,8.05
namatanai,100,PG,1584526894,75,-3.67,152.43,83.28,5.66
esmeraldas,0,BR,1584526895,94,-19.76,-44.31,68.0,2.57
camacupa,100,AO,1584526897,91,-12.02,17.48,66.52,3.42
ixtapa,5,MX,1584526898,88,20.7,-105.2,72.0,4.56
sakakah,0,SA,1584526709,34,29.97,40.21,62.6,19.46
kavaratti,2,IN,1584526900,68,10.57,72.64,83.62,6.4
dubbo,12,AU,1584526901,60,-32.25,148.62,68.0,4.27
macapa,75,BR,1584526902,100,0.04,-51.07,77.0,2.24
hambantota,75,LK,1584526903,63,6.12,81.12,91.4,8.05
kununurra,36,AU,1584526904,41,-15.77,128.73,91.4,5.82
khatanga,100,RU,1584526906,88,71.97,102.5,-4.56,7.34
teseney,14,ER,1584526907,12,15.11,36.66,92.28,4.72
sao filipe,35,CV,1584526908,75,14.9,-24.5,66.9,18.3
tuy hoa,41,VN,1584526909,77,13.08,109.3,78.78,6.8
menongue,100,AO,1584526910,89,-14.66,17.69,67.8,5.99
karwar,14,IN,1584526911,68,14.8,74.13,85.42,10.67
nanortalik,100,GL,1584526912,68,60.14,-45.24,25.12,9.24
pirogovo,100,RU,1584526913,96,56.78,53.15,33.96,9.42
alofi,100,NU,1584526915,78,-19.06,-169.92,82.4,6.93
chokurdakh,25,RU,1584526916,94,70.63,147.92,-24.54,9.24
byron bay,21,AU,1584526917,68,-28.65,153.62,70.0,8.05
killin,90,US,1584526918,93,33.61,-91.74,55.4,4.27
korla,99,CN,1584526919,21,41.76,86.15,49.98,5.12
avera,90,US,1584526920,91,33.19,-82.53,59.0,2.66
camara de lobos,40,PT,1584526921,59,32.63,-16.97,62.6,20.8
fairfield,1,US,1584526922,92,41.27,-73.32,43.0,2.51
chara,100,RU,1584526923,77,56.91,118.26,28.38,0.27
salalah,75,OM,1584526745,65,17.02,54.09,80.6,12.75
watsa,100,CD,1584526926,61,3.04,29.54,77.16,3.27
katherine,44,AU,1584526927,45,-14.47,132.27,87.8,8.05
naryan-mar,97,RU,1584526928,91,67.67,53.09,27.3,12.37
kaeo,0,NZ,1584526929,79,-35.1,173.78,57.99,4.0
edd,36,ER,1584526930,56,13.93,41.69,88.12,5.57
constitucion,0,CL,1584526931,77,-35.33,-72.42,53.92,3.65
urucara,98,BR,1584526932,98,-2.54,-57.76,74.1,1.9
sakaiminato,20,JP,1584526934,62,35.55,133.23,55.4,6.93
doha,40,QA,1584526704,54,25.29,51.53,88.0,14.99
dali,0,CN,1584526936,24,25.7,100.18,68.7,13.44
andros town,40,BS,1584526884,77,24.7,-77.77,69.8,4.7
pangkalanbuun,100,ID,1584526938,88,-2.68,111.62,78.78,1.59
basco,0,PH,1584526939,74,20.45,121.97,75.36,14.34
lianran,3,CN,1584526940,43,24.92,102.48,72.0,20.83
bambanglipuro,100,ID,1584526941,89,-7.95,110.28,78.6,2.48
pismo beach,1,US,1584526942,86,35.14,-120.64,42.01,6.93
novaya malykla,47,RU,1584526944,91,54.2,49.95,36.48,13.0
bocas del toro,33,PA,1584526945,70,9.33,-82.25,63.0,7.0
quixada,47,BR,1584526714,97,-4.97,-39.02,71.92,1.43
campina verde,27,BR,1584526947,94,-19.54,-49.49,69.06,3.18
lluta,90,PE,1584526948,93,-16.01,-72.01,53.6,1.12
kidal,29,ML,1584526949,7,18.44,1.41,90.82,10.71
koulamoutou,17,GA,1584526950,60,-1.13,12.47,88.86,1.59
beeville,40,US,1584526951,100,28.4,-97.75,73.0,6.93
poum,6,NC,1584526953,75,-20.23,164.02,80.02,23.04
ayia trias,20,GR,1584526954,41,38.35,22.92,60.01,5.82
yatou,0,CN,1584526955,73,37.15,122.38,50.88,19.55
mercedes,23,AR,1584526956,99,-34.65,-59.43,64.99,3.0
deputatskiy,0,RU,1584526957,88,69.3,139.9,-25.08,4.79
ouesso,99,CG,1584526958,50,1.61,16.05,89.58,3.83
kuito,75,AO,1584526959,68,-12.38,16.93,71.6,11.41
oriximina,100,BR,1584526960,91,-1.77,-55.87,76.42,6.89
soe,25,ID,1584526961,73,-9.86,124.28,80.4,6.98
mattru,85,SL,1584526963,80,7.62,-11.83,80.58,3.71
paredon,0,MX,1584526964,72,16.03,-93.87,80.58,9.19
harnosand,100,SE,1584526965,52,62.63,17.94,42.8,5.82
astoria,90,US,1584526852,93,46.19,-123.83,43.0,7.92
rivadavia,0,AR,1584526967,48,-33.19,-68.46,64.4,4.7
tabou,100,CI,1584526968,77,4.42,-7.35,83.46,6.06
daru,1,PG,1584526969,85,-9.08,143.21,78.06,4.47
manono,100,CD,1584526970,98,-7.3,27.42,69.96,5.48
deder,89,ET,1584526972,35,9.32,41.45,81.66,2.35
sumbe,75,AO,1584526973,60,-11.21,13.84,84.2,9.17
port hedland,9,AU,1584526974,56,-20.32,118.57,93.2,13.87
concepcion batres,69,SV,1584526975,79,13.35,-88.37,70.68,2.55
nelson bay,0,AU,1584526976,72,-32.72,152.15,68.0,8.05
tongliao,100,CN,1584526977,35,43.61,122.27,49.42,19.04
hastings,75,GB,1584526978,87,50.86,0.57,54.0,19.46
novikovo,0,RU,1584526980,37,51.15,37.89,44.22,7.99
winnemucca,1,US,1584526981,79,40.97,-117.74,30.0,5.82
san quintin,69,MX,1584526982,67,30.48,-115.95,58.08,8.46
caravelas,33,BR,1584526983,76,-17.71,-39.25,80.58,3.42
caiaponia,0,BR,1584526984,94,-16.96,-51.81,66.72,1.86
lovozero,90,RU,1584526985,85,68.0,35.01,29.62,1.88
qaqortoq,100,GL,1584526986,31,60.72,-46.03,21.2,16.11
fonte boa,100,BR,1584526987,98,-2.5,-66.27,72.3,3.2
sarangani,18,PH,1584526988,80,5.4,125.46,81.48,23.51
axim,100,GH,1584526989,71,4.87,-2.24,85.8,8.12
gisborne,0,NZ,1584526991,95,-38.65,178.0,50.0,1.99
half moon bay,90,US,1584526860,87,37.46,-122.43,48.99,6.11
shankargarh,0,IN,1584526925,16,25.18,81.62,90.3,9.04
port hawkesbury,90,CA,1584526994,98,45.62,-61.35,35.01,16.11
zeist,75,NL,1584526991,71,52.09,5.23,57.0,19.46
gigmoto,0,PH,1584526996,78,13.78,124.39,80.02,12.66
yumen,15,CN,1584526997,10,40.28,97.2,59.32,19.91
el limon,89,VE,1584526998,86,10.31,-67.63,67.62,4.14
mitsamiouli,40,KM,1584527000,62,-11.38,43.28,89.6,8.05
pisco,80,PE,1584527001,83,-13.7,-76.22,71.6,2.17
cananea,0,MX,1584527002,40,30.95,-110.3,51.01,3.0
zhezkazgan,40,KZ,1584527003,60,47.8,67.71,39.2,8.95
shakawe,100,BW,1584527004,71,-18.37,21.85,74.1,10.07
ucluelet,0,CA,1584526877,90,48.93,-125.55,34.0,3.4
kolosovka,100,RU,1584526923,82,56.47,73.61,30.0,15.23
coleraine,75,GB,1584527007,86,55.13,-6.67,43.0,12.75
longyearbyen,20,SJ,1584527009,68,78.22,15.64,-18.4,8.05
oranjemund,5,NA,1584527010,59,-28.55,16.43,69.6,9.8
noumea,2,NC,1584526865,73,-22.28,166.46,75.2,8.05
chapais,20,CA,1584527012,84,49.78,-74.85,-2.2,5.82
brooks,100,CA,1584526742,94,50.58,-111.89,13.42,6.4
severo-kurilsk,94,RU,1584527014,77,50.68,156.12,18.3,22.26
gat,75,IL,1584527015,54,31.61,34.76,63.0,17.22
santiago,0,CL,1584526816,71,-33.46,-70.65,55.4,2.24
krutikha,100,RU,1584527017,90,53.96,81.21,29.82,18.01
lucea,20,JM,1584527019,78,18.45,-78.17,75.2,6.93
saint-ambroise,20,CA,1584527020,61,48.55,-71.33,14.0,13.87
aklavik,40,CA,1584527021,72,68.22,-135.01,17.6,9.17
manica,0,FR,1584527022,66,49.0,-1.17,55.4,6.93
keti bandar,0,PK,1584527023,24,24.14,67.45,87.78,9.8
fare,100,PF,1584527024,67,-16.7,-151.02,83.46,4.23
guarapari,20,BR,1584527025,94,-20.67,-40.5,75.99,3.36
sabha,76,LY,1584527026,20,27.04,14.43,75.9,15.57
leo,0,BF,1584527028,37,11.1,-2.1,92.62,9.33
tura,0,IN,1584527029,19,25.52,90.22,89.58,7.02
cochrane,90,CA,1584526919,85,51.18,-114.47,18.0,11.41
boyolangu,100,ID,1584527031,92,-8.12,111.89,77.52,5.26
san cristobal,39,VE,1584527032,94,7.77,-72.22,51.42,1.48
southbridge,1,US,1584527033,47,42.08,-72.03,36.0,9.17
zharkovskiy,98,RU,1584527034,69,55.85,32.27,42.96,12.08
havoysund,75,NO,1584527035,86,71.0,24.66,30.2,6.93
braganca,100,BR,1584527036,98,-1.05,-46.77,73.92,1.63
cumaru,95,BR,1584527038,86,-8.01,-35.7,75.52,1.28
kahului,90,US,1584527039,83,20.89,-156.47,69.8,14.99
kushmurun,8,KZ,1584527040,92,52.45,64.63,30.52,8.25
hovd,100,MN,1584527041,21,48.01,91.64,51.6,7.2
zhaoyang,38,CN,1584526856,66,42.68,126.03,42.96,8.01
xacmaz,96,AZ,1584527043,79,41.46,48.81,40.98,13.62
macas,100,EC,1584527044,98,-2.32,-78.12,62.58,1.63
marsh harbour,72,BS,1584526918,73,26.54,-77.06,71.4,10.94
dankov,87,RU,1584527047,31,53.25,39.16,48.2,17.9
guinguineo,0,SN,1584527048,57,14.27,-15.95,78.8,6.93
sitka,90,US,1584527049,80,57.05,-135.33,39.2,8.05
pangnirtung,100,CA,1584527050,85,66.15,-65.71,1.02,18.16
las margaritas,14,MX,1584527051,98,16.32,-91.98,52.12,1.1
valer,20,NO,1584527052,56,60.68,11.83,44.6,4.7
clinton,40,US,1584527027,80,42.59,-82.92,34.0,4.7
tadine,79,NC,1584527055,76,-21.55,167.88,75.0,13.8
sangar,50,RU,1584527056,91,63.92,127.47,-7.62,11.5
omboue,100,GA,1584527057,74,-1.57,9.26,85.98,3.22
kunya,100,NG,1584527058,8,12.22,8.53,87.8,17.22
staryy nadym,0,RU,1584526866,82,65.61,72.68,23.88,19.08
matara,58,LK,1584527060,54,5.95,80.54,90.82,12.39
otradnoye,90,RU,1584527061,86,59.78,30.82,41.0,15.66
ketchikan,1,US,1584527062,80,55.34,-131.65,37.4,9.17
zajecar,21,RS,1584527063,51,43.9,22.26,51.06,7.36
luba,20,GQ,1584527064,66,3.46,8.55,91.4,13.87
opunake,6,NZ,1584527066,88,-39.46,173.86,52.0,6.85
solon,1,US,1584527067,92,41.39,-81.44,36.0,4.25
oussouye,3,SN,1584527068,69,12.48,-16.55,77.0,11.41
kedougou,84,SN,1584527069,23,12.56,-12.17,86.0,4.7
whitehorse,75,CA,1584526875,57,60.72,-135.05,23.0,13.87
marfino,40,RU,1584527071,52,55.7,37.38,46.99,11.18
talnakh,75,RU,1584527072,92,69.49,88.4,15.8,17.9
okha,83,RU,1584527073,92,53.57,142.95,18.12,6.58
garbolovo,90,RU,1584527074,86,60.34,30.5,41.0,15.66
ust-nera,44,RU,1584527076,99,64.57,143.2,-16.8,1.66
millington,90,US,1584527077,100,35.34,-89.9,55.99,7.02
sokoni,75,TZ,1584527078,66,-6.43,39.55,91.4,5.82
yanam,20,IN,1584527079,46,16.73,82.22,93.2,11.41
udachnyy,67,RU,1584527044,54,66.42,112.4,-0.4,11.18
melito di porto salvo,48,IT,1584527081,58,37.92,15.77,61.0,5.82
susangerd,90,IR,1584527082,72,31.56,48.18,68.0,6.93
dongning,82,CN,1584527083,69,44.06,131.12,37.92,4.0
sanchez,42,DO,1584527085,98,19.23,-69.61,66.52,1.99
port lincoln,49,AU,1584527086,36,-34.73,135.87,77.7,12.01
mangrol,0,IN,1584527087,50,21.12,70.12,80.92,9.4
babaeski,59,TR,1584527088,40,41.43,27.09,48.99,11.99
kochubey,100,RU,1584527089,58,44.39,46.58,43.12,15.12
qui nhon,2,VN,1584527090,62,13.77,109.23,82.72,9.75
cangzhou,0,CN,1584527040,7,38.32,116.87,78.42,17.85
chalakudi,20,IN,1584527092,37,10.3,76.34,96.8,10.29
pokhara,6,NP,1584527093,26,28.23,83.98,82.02,6.89
praya,75,CV,1584527095,60,14.92,-23.51,71.6,13.87
nova odesa,0,UA,1584527096,29,47.31,31.79,48.2,2.24
porto recanati,100,IT,1584527097,64,43.44,13.66,55.99,3.0
gouyave,20,GD,1584527098,83,12.16,-61.73,75.2,16.64
butzow,75,DE,1584527099,53,53.85,11.98,55.0,12.75
saint-martin-boulogne,75,FR,1584527100,87,50.73,1.62,57.0,19.46
bonavista,100,CA,1584527101,96,48.65,-53.11,30.52,30.74
margate,75,GB,1584527102,87,51.38,1.39,55.0,14.99
baker city,1,US,1584526875,93,44.77,-117.83,39.2,9.17
singaparna,99,ID,1584527105,88,-7.35,108.11,76.62,2.89
apatity,100,RU,1584527106,99,67.56,33.4,31.42,7.72
cabcab,5,PH,1584527107,73,13.63,124.05,82.02,6.08
haines junction,100,CA,1584527108,73,60.75,-137.51,15.06,6.64
saint anthony,90,US,1584527109,80,45.02,-93.22,39.2,5.82
hot springs,90,US,1584527110,87,34.5,-93.06,54.0,3.36
fukue,20,JP,1584527111,82,32.69,128.84,59.0,11.41
xining,22,CN,1584527113,9,36.62,101.77,51.06,5.64
sharya,96,RU,1584527114,75,58.37,45.51,37.38,12.71
qasigiannguit,99,GL,1584527115,46,68.82,-51.19,8.6,25.28
shelburne,5,CA,1584527116,68,44.08,-80.2,28.4,6.93
inhambane,40,MZ,1584527117,40,-23.86,35.38,86.0,5.93
baft,34,IR,1584527118,21,29.23,56.61,60.78,8.52
solikamsk,100,RU,1584527119,86,59.62,56.77,31.42,12.26
bubaque,100,GW,1584527120,64,11.28,-15.83,75.9,12.68
cortez,40,US,1584527121,64,37.35,-108.59,37.4,3.36
narvik,75,NO,1584527122,69,68.44,17.43,39.99,23.04
panalingaan,78,PH,1584527124,71,8.78,117.42,82.38,6.96
paralimni,75,CY,1584527125,50,35.04,33.98,57.2,8.05
vardo,40,NO,1584527126,86,70.37,31.11,30.2,11.41
kirillov,90,RU,1584527127,90,59.86,38.38,39.2,6.71
nishihara,90,JP,1584527128,73,26.18,127.76,71.6,14.99
da lat,8,VN,1584527129,39,11.95,108.44,76.42,7.31
trinidad,90,BO,1584527130,94,-14.83,-64.9,77.0,3.67
lasa,7,IT,1584527131,61,46.62,10.7,57.2,6.93
banjar,40,ID,1584527132,84,-8.19,114.97,86.0,4.7
batemans bay,35,AU,1584527134,89,-35.72,150.18,66.99,6.62
awbari,100,LY,1584527135,14,26.59,12.78,74.82,17.52
olafsvik,100,IS,1584527136,73,64.89,-23.71,26.92,25.86
kimberley,0,ZA,1584527137,61,-28.73,24.76,77.0,10.29
abeche,100,TD,1584527138,8,13.83,20.83,93.2,13.87
muzhi,100,RU,1584527139,73,65.37,64.67,30.18,17.07
fort-shevchenko,96,KZ,1584527140,60,44.51,50.26,41.16,16.78
adrar,94,MR,1584527141,30,20.5,-10.07,65.46,14.9
sipe sipe,75,BO,1584527142,77,-17.45,-66.38,59.0,9.44
leningradskiy,93,RU,1584527144,85,69.38,178.42,22.26,22.77
mayor pablo lagerenza,94,PY,1584527145,76,-19.93,-60.77,77.16,7.38
bairiki,20,KI,1584527146,74,1.33,172.98,84.2,10.29
sosnogorsk,100,RU,1584527147,90,63.6,53.88,30.18,13.24
lorengau,100,PG,1584527148,78,-2.02,147.27,81.12,11.39
sobolevo,0,RU,1584527149,66,54.43,31.9,44.4,15.01
tazovskiy,91,RU,1584527151,78,67.47,78.7,16.32,20.94
petropavlovsk-kamchatskiy,100,RU,1584527022,49,53.05,158.65,26.6,8.95
hervey bay,40,AU,1584527153,77,-25.3,152.85,70.0,8.05
tres arroyos,0,AR,1584527154,94,-38.37,-60.28,56.82,6.91
nukus,35,UZ,1584527155,25,42.45,59.61,66.2,11.41
kaili,100,ID,1584527156,97,-3.46,120.21,65.46,1.86
flin flon,64,CA,1584527158,95,54.77,-101.86,-11.22,4.41
miami,40,US,1584526955,69,25.77,-80.19,75.0,5.82
zyryanka,9,RU,1584527160,93,65.75,150.85,-9.06,6.91
galveston,90,US,1584527161,100,29.37,-94.97,72.0,10.29
komsomolskiy,52,UZ,1584527162,28,40.43,71.72,71.6,2.24
doctor arroyo,4,MX,1584527163,93,23.67,-100.18,57.72,4.56
klaksvik,36,FO,1584527164,69,62.23,-6.59,41.0,11.41
puerto baquerizo moreno,0,EC,1584527165,74,-0.9,-89.6,78.06,5.86
wollongong,1,AU,1584527166,68,-34.43,150.88,71.6,14.99
turbat,8,PK,1584527167,6,26.0,63.04,92.46,11.01
shawnee,90,US,1584527169,93,39.05,-95.77,48.99,6.93
merauke,20,ID,1584527170,80,-8.47,140.33,80.58,8.43
union,1,US,1584527171,60,40.63,-74.27,44.6,4.72
elko,90,US,1584527172,86,41.0,-115.5,30.2,4.7
svetlyy,40,RU,1584527173,58,54.67,20.13,55.4,17.9
erenhot,50,CN,1584527174,17,43.65,111.98,37.56,27.16
kenai,90,US,1584527175,92,60.55,-151.26,28.99,11.81
benghazi,26,LY,1584527176,46,32.12,20.07,60.06,8.95
belomorsk,80,RU,1584526951,86,64.52,34.77,35.92,16.13
uvalde,75,US,1584527179,100,29.37,-99.77,69.01,9.17
linqing,0,CN,1584527180,6,36.85,115.71,80.58,19.19
evensk,100,RU,1584527181,80,61.95,159.23,7.5,9.24
aksu,51,CN,1584527182,11,41.12,80.26,65.46,3.83
nakskov,100,DK,1584527183,74,54.84,11.13,50.0,5.01
aguimes,40,ES,1584527184,48,27.91,-15.45,66.2,21.92
rawson,0,AR,1584527185,71,-43.3,-65.1,58.42,14.36
yekepa,93,LR,1584527186,85,7.58,-8.54,76.26,3.27
littlehampton,75,GB,1584527187,93,50.81,-0.54,55.99,12.75
sterling,20,US,1584527033,79,39.01,-77.43,45.0,5.82
risor,20,NO,1584527190,65,58.72,9.23,48.99,17.22
joshimath,28,IN,1584527191,25,30.57,79.57,53.22,7.76
pilar,75,BR,1584527192,94,-9.6,-35.96,75.2,5.82
oranjestad,40,AW,1584527193,74,12.52,-70.03,78.8,10.29
fayaoue,23,NC,1584527194,74,-20.65,166.53,78.96,23.69
pitsunda,75,GE,1584527195,66,43.16,40.34,48.2,8.95
lingolsheim,0,FR,1584527162,67,48.56,7.68,61.0,3.36
roald,75,NO,1584527197,75,62.58,6.13,41.0,24.16
kathmandu,40,NP,1584527084,46,27.72,85.32,71.6,14.99
lillebonne,0,FR,1584527199,66,49.52,0.54,57.0,9.17
la asuncion,59,VE,1584527201,69,11.03,-63.86,82.4,10.29
kalmunai,0,LK,1584527202,82,7.42,81.82,81.82,12.24
sibenik,47,HR,1584527203,31,43.73,15.91,68.0,10.29
viedma,63,AR,1584527204,82,-40.81,-63.0,61.32,9.51
paita,100,PE,1584527205,75,-5.09,-81.11,77.7,2.91
manukan,0,PH,1584527206,78,8.53,123.1,80.4,15.35
kulhudhuffushi,100,MV,1584527207,77,6.62,73.07,84.52,14.07
palimbang,0,PH,1584527208,72,6.21,124.19,82.92,7.43
maniwaki,0,CA,1584527209,87,46.38,-75.97,18.48,3.27
monforte de lemos,0,ES,1584527210,80,42.52,-7.51,53.01,1.97
robertsport,73,LR,1584527212,83,6.75,-11.37,82.02,11.61
kyaikkami,68,MM,1584527213,64,16.08,97.57,82.38,10.33
greenville,90,US,1584527214,100,35.61,-77.37,55.4,4.59
laguna,75,US,1584527215,93,38.42,-121.42,48.99,5.03
bharatpur,0,IN,1584527216,16,27.22,77.48,91.02,9.19
nizwa,0,OM,1584527217,15,22.93,57.53,81.66,10.29
